customerId,customerName,employeeContactName,phoneNumber,address,addressLine2,city,state,zipcode,country
1,Gary Morales,Earl Schmidt,1-(423)800-1673,4 Caliangt Pass,Bowman,Kingsport,Tennessee,37665,US
2,Denise Fox,Frank Gibson,1-(816)889-7168,89 Crownhardt Circle,Morrow,Kansas City,Missouri,64142,US
3,Alice Hamilton,Juan Nelson,1-(862)529-1239,95 Dayton Way,Jenifer,Newark,New Jersey,07188,US
4,Robert King,Janice Daniels,1-(813)876-6369,7 Lake View Parkway,Gina,Saint Petersburg,Florida,33705,US
5,Adam Richards,Bobby Gibson,1-(561)861-0296,55 Independence Crossing,Stephen,Delray Beach,Florida,33448,US
6,Karen Perry,Martin Wagner,1-(678)624-4371,531 Jana Way,Elmside,Atlanta,Georgia,30301,US
7,Bonnie Scott,Ruby Austin,1-(520)278-9161,28 New Castle Plaza,Di Loreto,Tucson,Arizona,85732,US
8,Janice Powell,Roy Stanley,1-(334)320-1101,077 Main Pass,Truax,Montgomery,Alabama,36104,US
9,Patricia Austin,Douglas Henderson,1-(850)602-7679,6 Ilene Lane,Stuart,Pensacola,Florida,32511,US
10,Joan Watson,John Allen,1-(405)796-7207,55455 Briar Crest Road,Anthes,Oklahoma City,Oklahoma,73157,US
11,Bruce Butler,Donna Bowman,1-(239)925-1324,44 Northland Junction,5th,Fort Myers,Florida,33994,US
12,Annie Wagner,Louise Nguyen,1-(302)989-6392,63014 Grover Avenue,Johnson,Newark,Delaware,19725,US
13,Lois Howell,Mary Nelson,1-(402)679-9204,31 Quincy Pass,Novick,Omaha,Nebraska,68105,US
14,Todd Reid,Donna Austin,1-(818)132-4681,9 Hoffman Junction,Union,Santa Monica,California,90405,US
15,Margaret Porter,Gerald Morrison,1-(304)212-1791,8 Donald Crossing,Eggendart,Huntington,West Virginia,25709,US
16,Justin Campbell,Ronald Knight,1-(214)581-1508,12 Knutson Trail,Upham,Plano,Texas,75074,US
17,Phillip Miller,Roger Stewart,1-(719)763-7382,2 2nd Park,Dakota,Colorado Springs,Colorado,80905,US
18,Shawn Edwards,Nicole Collins,1-(860)298-5551,86 Basil Circle,Oxford,Hartford,Connecticut,06152,US
19,Benjamin Knight,Phillip Ortiz,1-(315)567-0026,35008 Bowman Terrace,Jenna,Syracuse,New York,13251,US
20,Lois Jenkins,Jane Rodriguez,1-(814)595-7827,417 Westport Court,Acker,Johnstown,Pennsylvania,15906,US
21,Paul Banks,Theresa Hill,1-(408)374-0063,539 Dayton Place,Redwing,San Jose,California,95123,US
22,Kenneth Rodriguez,Irene Bishop,1-(209)636-1102,9 Ridgeview Lane,Moose,Modesto,California,95354,US
23,Julia Banks,Ralph Ruiz,1-(404)521-5229,6 Old Shore Street,Holmberg,Duluth,Georgia,30195,US
24,Peter Dixon,Rebecca Hernandez,1-(334)972-3101,28688 Grasskamp Place,Swallow,Birmingham,Alabama,35210,US
25,Annie Vasquez,David Parker,1-(305)401-5524,6618 Cambridge Place,Sugar,Miami,Florida,33147,US
26,Bonnie Hayes,Mary Elliott,1-(650)410-2303,9906 Bobwhite Hill,La Follette,Mountain View,California,94042,US
27,Scott Webb,Gary Jordan,1-(571)107-2701,73283 Crownhardt Center,6th,Sterling,Virginia,20167,US
28,Julia Barnes,Katherine Mills,1-(918)596-1008,4 Saint Paul Crossing,Carpenter,Tulsa,Oklahoma,74108,US
29,Doris Berry,Phillip Fisher,1-(661)592-8944,43796 Myrtle Center,Washington,Bakersfield,California,93381,US
30,Heather Bailey,Joan King,1-(786)557-7377,02 Farragut Crossing,Pleasure,Miami,Florida,33196,US
31,Kelly Flores,Fred Wells,1-(260)585-0837,30098 Golden Leaf Pass,Maple Wood,Fort Wayne,Indiana,46805,US
32,Ryan Smith,Frank Griffin,1-(325)743-8980,87 Columbus Way,Jackson,Abilene,Texas,79605,US
33,Thomas Medina,Lori Vasquez,1-(828)229-1359,9397 Marcy Street,Barby,Asheville,North Carolina,28815,US
34,Kelly Webb,Jane Williams,1-(304)616-8065,5204 Hovde Way,Elgar,Charleston,West Virginia,25321,US
35,Angela Williams,Roger Cole,1-(309)933-8492,95 Magdeline Road,Lakewood Gardens,Carol Stream,Illinois,60351,US
36,Joseph Johnson,Jean Reid,1-(217)774-9542,03 Sloan Plaza,Heath,Springfield,Illinois,62718,US
37,Dennis Olson,Sara Lewis,1-(281)956-1855,02145 Dawn Junction,Bayside,Houston,Texas,77015,US
38,Donna Rogers,Jean Willis,1-(520)872-8738,07 Morningstar Plaza,8th,Tucson,Arizona,85705,US
39,Irene Hudson,Catherine Butler,1-(240)925-5093,78290 Meadow Ridge Lane,Kingsford,Gaithersburg,Maryland,20883,US
40,Jimmy Torres,Aaron Nelson,1-(305)153-8037,336 Dahle Way,Loomis,Homestead,Florida,33034,US
41,Julie Rodriguez,Doris Howell,1-(206)926-8667,679 East Parkway,Harper,Seattle,Washington,98158,US
42,Joan Hughes,Johnny Hicks,1-(956)648-8041,66266 Waubesa Street,Sunnyside,Laredo,Texas,78044,US
43,Carolyn Bryant,Peter Ford,1-(312)458-1749,51 Stoughton Plaza,Helena,Chicago,Illinois,60663,US
44,Russell Sanchez,Lisa Rice,1-(334)854-4438,6 Atwood Junction,Calypso,Montgomery,Alabama,36125,US
45,Deborah Morales,Howard Cruz,1-(815)399-8391,6116 Fisk Crossing,Quincy,Joliet,Illinois,60435,US
46,Earl Murphy,Carlos Hudson,1-(502)591-7256,4 American Junction,Ridge Oak,Louisville,Kentucky,40250,US
47,Brian Long,Sean Alvarez,1-(619)214-6789,35767 4th Court,Muir,San Diego,California,92170,US
48,Lisa Bennett,Alan Richardson,1-(503)471-5085,2969 Division Street,7th,Portland,Oregon,97201,US
49,Kathleen Mason,Kimberly Morales,1-(917)904-6258,78502 Lindbergh Parkway,High Crossing,New York City,New York,10034,US
50,Jacqueline Hughes,Sandra Cox,1-(205)952-3127,4 Acker Center,Cambridge,Birmingham,Alabama,35279,US
51,Howard Warren,Robin Cook,1-(702)129-5950,96511 Ludington Place,Mandrake,North Las Vegas,Nevada,89087,US
52,Stephen Reyes,Fred Vasquez,1-(518)301-5224,28 West Way,Fulton,Albany,New York,12242,US
53,Louise Hughes,Andrew Richards,1-(786)519-2014,43834 Derek Hill,Prentice,Miami,Florida,33196,US
54,Christina Warren,Linda Nichols,1-(608)767-1382,3953 Summit Point,Karstens,Madison,Wisconsin,53779,US
55,Donna Baker,Helen Torres,1-(317)372-0647,27 Miller Hill,International,Indianapolis,Indiana,46207,US
56,Susan Ortiz,Edward Nichols,1-(806)313-7718,375 Comanche Crossing,Oakridge,Amarillo,Texas,79165,US
57,Samuel Grant,Carlos Gordon,1-(806)514-9903,165 Utah Circle,Golf,Amarillo,Texas,79176,US
58,William Armstrong,Beverly Martinez,1-(716)429-3477,49124 Express Crossing,Sunfield,Buffalo,New York,14269,US
59,Jason Stanley,Virginia Flores,1-(318)881-3119,96220 Moland Junction,Onsgard,Monroe,Louisiana,71213,US
60,Melissa Chapman,Debra Smith,1-(520)474-9125,4083 Ilene Way,Carpenter,Tucson,Arizona,85720,US
61,Kelly Jordan,Kathryn Woods,1-(605)275-9449,14293 Beilfuss Crossing,Golden Leaf,Sioux Falls,South Dakota,57110,US
62,Frank Snyder,Ralph Green,1-(917)185-6861,13 Ludington Point,International,New York City,New York,10004,US
63,Barbara Medina,Louis Stevens,1-(281)551-2341,64 Stang Point,Raven,Houston,Texas,77095,US
64,Jonathan Warren,Edward Bryant,1-(979)290-7360,493 Shasta Street,Scott,Bryan,Texas,77806,US
65,Harold Fuller,Diana Long,1-(202)769-6444,2 Hazelcrest Pass,Red Cloud,Washington,District of Columbia,20220,US
66,Jack Gilbert,Susan Boyd,1-(337)809-7014,345 Hanover Way,Gina,Lafayette,Louisiana,70505,US
67,Juan Hart,Judy Mccoy,1-(503)952-0806,26094 Stoughton Road,Lakeland,Portland,Oregon,97221,US
68,Ryan Montgomery,Robin Porter,1-(331)330-2886,65003 Farwell Lane,Waubesa,Aurora,Illinois,60505,US
69,Juan Jordan,Charles Peters,1-(916)295-7588,6 Pearson Center,Summer Ridge,Sacramento,California,94286,US
70,Sharon Cruz,Shirley Edwards,1-(212)324-0008,04448 Delaware Place,Spaight,New York City,New York,10090,US
71,Phyllis Rice,Christopher Burns,1-(215)219-5738,0457 Stephen Place,Havey,Philadelphia,Pennsylvania,19125,US
72,Jason Kennedy,Melissa Bradley,1-(702)222-2257,3 5th Hill,Marcy,Henderson,Nevada,89074,US
73,Steve Gardner,Irene Harper,1-(954)835-2771,28416 Clyde Gallagher Way,Gina,Fort Lauderdale,Florida,33315,US
74,David Carroll,Frank Bailey,1-(304)151-8830,3554 Blackbird Trail,Lerdahl,Huntington,West Virginia,25721,US
75,Earl Griffin,Michael Watson,1-(954)386-7052,1 Nova Avenue,Corscot,Fort Lauderdale,Florida,33325,US
76,Shawn Ramos,Jean Henry,1-(606)255-0634,19026 Sage Center,David,London,Kentucky,40745,US
77,Paula Arnold,Douglas White,1-(763)956-3834,53 North Circle,Vidon,Saint Paul,Minnesota,55115,US
78,Harry Cunningham,Louise Howell,1-(830)783-1131,3808 Basil Drive,Stephen,San Antonio,Texas,78245,US
79,Heather Reynolds,Kimberly Mitchell,1-(916)416-7485,690 Meadow Valley Lane,Raven,Sacramento,California,95852,US
80,Fred Daniels,Judith Hawkins,1-(608)750-4297,201 Sloan Road,Saint Paul,Madison,Wisconsin,53710,US
81,Christina Fisher,Clarence Fisher,1-(202)177-1568,26846 Longview Trail,Rigney,Washington,District of Columbia,20530,US
82,Richard Hart,Kenneth Wagner,1-(325)888-5975,55 Raven Road,7th,Abilene,Texas,79699,US
83,Wanda Snyder,Fred Gardner,1-(904)419-7331,68629 Tennyson Crossing,Thierer,Saint Augustine,Florida,32092,US
84,Andrea Chapman,Mary Arnold,1-(914)139-5973,62 Pond Drive,American Ash,Mount Vernon,New York,10557,US
85,Carol Hanson,Johnny Garza,1-(253)429-6270,15 Pankratz Crossing,Grayhawk,Tacoma,Washington,98447,US
86,Alan Tucker,Kathy Schmidt,1-(786)783-4772,7725 Schlimgen Park,Huxley,Miami,Florida,33180,US
87,Jeffrey Clark,David Mills,1-(810)443-8977,95 Graedel Trail,Eastwood,Flint,Michigan,48550,US
88,Keith Gonzales,Phyllis Palmer,1-(917)958-6375,2132 Bowman Pass,Dovetail,Bronx,New York,10469,US
89,Linda Austin,Cynthia Mccoy,1-(916)837-3583,64178 East Terrace,Village,Sacramento,California,94207,US
90,William Bailey,Doris Bradley,1-(916)228-4442,6 Miller Drive,Melrose,Sacramento,California,95828,US
91,Rose Lewis,Doris Lawrence,1-(323)671-0898,2408 Susan Avenue,Hollow Ridge,Los Angeles,California,90076,US
92,Adam Greene,Janet Watkins,1-(914)972-6096,44 Dexter Terrace,Grasskamp,White Plains,New York,10606,US
93,Catherine Anderson,Carl Nelson,1-(562)899-0084,20 Mccormick Crossing,Sunnyside,Whittier,California,90610,US
94,Lawrence Carpenter,Irene Carroll,1-(804)621-8751,04460 Helena Court,High Crossing,Richmond,Virginia,23237,US
95,Dennis Ford,Deborah Duncan,1-(615)103-3401,44809 Golden Leaf Crossing,Shasta,Nashville,Tennessee,37240,US
96,Joseph Perez,Jack Frazier,1-(949)282-8957,5771 Graedel Parkway,Armistice,Orange,California,92867,US
97,Jeffrey Burton,Gloria Rodriguez,1-(330)413-9928,68 Westend Junction,Ohio,Akron,Ohio,44305,US
98,Lori Elliott,Dennis Mcdonald,1-(415)350-4906,7105 Truax Lane,Brickson Park,San Francisco,California,94164,US
99,Marie Wallace,Nicholas Weaver,1-(571)717-6579,2 Dayton Way,Esch,Alexandria,Virginia,22313,US
100,Lois Hart,Stephen Day,1-(714)881-0702,2308 Holy Cross Crossing,Mifflin,Fullerton,California,92835,US
101,Ernest Moreno,Lillian Garrett,1-(812)252-2672,6967 Barnett Lane,Mayer,Evansville,Indiana,47725,US
102,Annie Matthews,Todd Lewis,1-(719)489-0975,4 Esker Way,Debs,Pueblo,Colorado,81015,US
103,Christopher Fox,Anne Hanson,1-(225)614-3907,534 Superior Court,Russell,Baton Rouge,Louisiana,70894,US
104,Nicholas Murray,Phillip Wells,1-(469)903-4833,087 Bunting Hill,Ridge Oak,Irving,Texas,75062,US
105,Randy Carpenter,Tammy Scott,1-(713)886-1753,2157 Acker Alley,Mallard,Houston,Texas,77276,US
106,Patrick Bradley,Elizabeth Gonzales,1-(813)795-7254,96141 Heath Road,Waxwing,Tampa,Florida,33633,US
107,Nancy Spencer,Louis Price,1-(907)381-5605,30261 Talisman Point,Sauthoff,Anchorage,Alaska,99599,US
108,Bobby Bailey,Phyllis Robinson,1-(775)633-7788,4893 Waywood Center,Shasta,Reno,Nevada,89510,US
109,Bruce Sanchez,Daniel Hudson,1-(816)610-7358,6 Schurz Pass,Coolidge,Kansas City,Missouri,64160,US
110,Phyllis Marshall,Wayne Moore,1-(305)972-5247,3 5th Drive,Pierstorff,Miami,Florida,33158,US
111,Jimmy Simpson,Melissa Larson,1-(405)109-5108,833 Eggendart Hill,Glacier Hill,Norman,Oklahoma,73071,US
112,Steve Miller,Irene Morgan,1-(508)223-4800,734 Clemons Drive,Pankratz,Newton,Massachusetts,02162,US
113,Clarence Perez,Steven Crawford,1-(915)189-8342,071 Shelley Point,Rigney,El Paso,Texas,79999,US
114,Jane Walker,Jennifer Montgomery,1-(330)652-2422,1382 Superior Plaza,Anhalt,Canton,Ohio,44760,US
115,Juan Robinson,Kathryn Cunningham,1-(754)762-2186,8 Moose Court,Manley,Fort Lauderdale,Florida,33320,US
116,Shirley Carpenter,Gloria Peters,1-(309)628-1771,0944 Express Alley,Vermont,Peoria,Illinois,61605,US
117,Ruth Hunt,Carolyn Hill,1-(202)918-4891,31 Northview Park,Westend,Washington,District of Columbia,20503,US
118,Gloria Fox,Justin Ferguson,1-(405)155-7787,38 Vernon Street,Northridge,Oklahoma City,Oklahoma,73197,US
119,Stephanie Kelly,Sandra Fuller,1-(305)659-0151,61119 Luster Drive,Debs,Miami Beach,Florida,33141,US
120,Jeffrey Holmes,Sandra Evans,1-(404)564-8514,19022 Cambridge Trail,Old Gate,Atlanta,Georgia,30306,US
121,James Scott,Rachel Simpson,1-(214)829-8639,551 Fulton Parkway,Carey,Dallas,Texas,75387,US
122,Helen Reyes,Joan Carter,1-(253)134-1232,5 Shopko Junction,Ryan,Tacoma,Washington,98417,US
123,Jesse Hudson,Julia Bailey,1-(602)640-1483,668 Reinke Avenue,Victoria,Phoenix,Arizona,85067,US
124,Gary Stanley,Beverly Adams,1-(602)596-9394,54 Continental Parkway,Elka,Phoenix,Arizona,85025,US
125,Maria Anderson,Matthew Mason,1-(813)746-1259,6 Everett Court,Chinook,Tampa,Florida,33647,US
126,Phillip Powell,Kelly Hudson,1-(425)360-3170,48488 Hollow Ridge Drive,Northport,Seattle,Washington,98158,US
127,Mary Cox,Steven Roberts,1-(864)916-9805,230 Amoth Center,Harper,Greenville,South Carolina,29610,US
128,Bonnie Murray,Albert Black,1-(703)364-2377,690 Sage Road,Kipling,Washington,District of Columbia,20016,US
129,Nicole Perkins,William Morgan,1-(508)317-8682,1 Holy Cross Plaza,Di Loreto,Newton,Massachusetts,02162,US
130,Benjamin Fox,Janice Webb,1-(904)260-8357,95385 Independence Trail,Upham,Jacksonville,Florida,32236,US
131,Betty Stevens,Shawn Robinson,1-(309)689-9290,08 Pine View Trail,Fair Oaks,Peoria,Illinois,61640,US
132,Nancy Welch,Harold Myers,1-(859)904-9020,8 Vernon Avenue,Village Green,Lexington,Kentucky,40581,US
133,Kimberly Carpenter,Kathy Mendoza,1-(719)913-0864,877 Kingsford Plaza,Menomonie,Colorado Springs,Colorado,80905,US
134,Joseph Peterson,Ruth Hudson,1-(859)479-9698,80 Katie Park,Nobel,Lexington,Kentucky,40576,US
135,Marie Ruiz,Gerald Willis,1-(719)666-4977,034 Burning Wood Trail,Spohn,Pueblo,Colorado,81005,US
136,Roy Scott,George Lawrence,1-(610)768-8993,0 Moland Plaza,American,Reading,Pennsylvania,19605,US
137,Jean Adams,Teresa Austin,1-(713)187-8151,9983 Messerschmidt Plaza,Moulton,Houston,Texas,77240,US
138,Emily Wheeler,Jose Freeman,1-(520)126-3952,1 Reindahl Trail,Pond,Prescott,Arizona,86305,US
139,Patricia Perez,Evelyn Daniels,1-(831)130-8105,43 Algoma Terrace,Westerfield,Santa Cruz,California,95064,US
140,Ruth Hall,Michelle Richardson,1-(240)724-1459,64292 Melvin Pass,Vermont,Gaithersburg,Maryland,20883,US
141,Betty Welch,Chris Gardner,1-(775)991-9532,678 Northwestern Trail,Northwestern,Reno,Nevada,89505,US
142,Alice Matthews,Kathleen Williamson,1-(404)633-9360,489 South Place,Russell,Atlanta,Georgia,30380,US
143,Phillip Nelson,Philip Lopez,1-(937)535-4853,41 Jana Hill,Lunder,Dayton,Ohio,45426,US
144,Phillip Carter,Maria Black,1-(808)106-7135,3 Onsgard Parkway,Ohio,Honolulu,Hawaii,96845,US
145,Kimberly Gilbert,Ernest Pierce,1-(330)132-8048,95 Lukken Park,Atwood,Canton,Ohio,44710,US
146,Rachel Gardner,Patricia Welch,1-(816)241-0238,21 Badeau Alley,Texas,Kansas City,Missouri,64160,US
147,Donald Shaw,Kenneth Hanson,1-(818)276-1821,80 Gulseth Hill,Namekagon,Glendale,California,91210,US
148,Stephanie Wright,Angela Thomas,1-(337)293-9769,744 Karstens Avenue,Sugar,Lafayette,Louisiana,70593,US
149,Brian Fowler,Adam Lee,1-(240)881-8902,857 Washington Pass,Portage,Rockville,Maryland,20851,US
150,Eugene Frazier,Steven Wheeler,1-(254)610-7304,159 Division Circle,Hanson,Temple,Texas,76505,US
151,Betty Morris,Peter Hart,1-(203)598-2427,5546 Roxbury Terrace,Trailsway,Bridgeport,Connecticut,06673,US
152,Eugene Baker,Betty Ford,1-(717)729-3950,8 Melby Drive,Heffernan,Harrisburg,Pennsylvania,17110,US
153,Norma Fields,Sara Garcia,1-(850)973-4341,35471 Marcy Way,Duke,Pensacola,Florida,32575,US
154,Terry Hill,Randy Howard,1-(919)202-5925,354 Marquette Way,Buhler,Durham,North Carolina,27710,US
155,Evelyn Campbell,Jean Bradley,1-(601)407-3725,3 Packers Hill,Leroy,Jackson,Mississippi,39282,US
156,Mildred Banks,Samuel Lewis,1-(410)758-9434,7617 Mesta Court,Ruskin,Ridgely,Maryland,21684,US
157,Debra Tucker,Eugene Ray,1-(719)332-9618,34 Prairie Rose Parkway,Elka,Colorado Springs,Colorado,80920,US
158,Ashley Ellis,Katherine Fox,1-(662)927-9331,4470 Butternut Park,Scoville,Columbus,Mississippi,39705,US
159,Keith Thompson,Angela Rose,1-(217)251-3616,556 Chinook Park,Westend,Champaign,Illinois,61825,US
160,Lawrence Alexander,Judy Graham,1-(229)803-0599,7 Weeping Birch Court,1st,Valdosta,Georgia,31605,US
161,Denise Rogers,Wayne Armstrong,1-(317)572-0462,4055 Dorton Terrace,Ohio,Indianapolis,Indiana,46278,US
162,Kevin Martinez,Johnny Wilson,1-(770)685-7453,647 Paget Parkway,Porter,Decatur,Georgia,30089,US
163,Keith George,Timothy Austin,1-(918)342-5758,76 Grayhawk Street,Holmberg,Tulsa,Oklahoma,74103,US
164,James Vasquez,Kathleen Fields,1-(202)125-3945,9511 Green Ridge Avenue,Monument,Washington,District of Columbia,20215,US
165,Billy Payne,Ernest Reid,1-(251)423-6984,175 Sherman Crossing,Glendale,Mobile,Alabama,36605,US
166,Wayne Cole,Carlos Bennett,1-(239)968-4034,20 Russell Center,Riverside,Lehigh Acres,Florida,33972,US
167,Mary Freeman,Jessica Harris,1-(503)738-1776,7 Elgar Crossing,Oak,Portland,Oregon,97296,US
168,Ryan Hansen,Beverly Powell,1-(859)746-0571,8310 Lighthouse Bay Drive,Becker,Lexington,Kentucky,40515,US
169,Debra Porter,Richard Reid,1-(907)630-5140,47 Corben Center,Shasta,Anchorage,Alaska,99599,US
170,Ryan Montgomery,Jean Mason,1-(770)179-0697,2826 Canary Drive,Hintze,Duluth,Georgia,30096,US
171,Billy Roberts,Ernest Cooper,1-(210)840-5788,5752 Darwin Drive,3rd,San Antonio,Texas,78240,US
172,Dorothy Graham,Theresa Crawford,1-(559)772-7004,9 Nancy Court,Autumn Leaf,Fresno,California,93762,US
173,Catherine Little,Barbara Perez,1-(812)861-4744,75 6th Hill,Mayer,Terre Haute,Indiana,47805,US
174,Joan Holmes,Mary Patterson,1-(334)431-6527,944 Summer Ridge Drive,New Castle,Birmingham,Alabama,35210,US
175,Nancy Simmons,Teresa Gutierrez,1-(203)813-6741,1402 Daystar Terrace,Sutteridge,Stamford,Connecticut,06912,US
176,Maria Griffin,Rachel Gonzales,1-(817)706-4298,7476 Arizona Place,Oak,Fort Worth,Texas,76147,US
177,Frances Reynolds,Juan Montgomery,1-(727)886-7946,664 Express Place,Debs,Saint Petersburg,Florida,33742,US
178,George Daniels,Carol Brown,1-(253)875-6263,53 Colorado Circle,Doe Crossing,Olympia,Washington,98516,US
179,Cynthia Perez,Todd Sullivan,1-(325)505-2947,7 Buell Street,Darwin,Abilene,Texas,79605,US
180,Diane Powell,Fred Coleman,1-(937)439-2346,999 Prairie Rose Drive,Ryan,Dayton,Ohio,45432,US
181,Michael Banks,Albert Watson,1-(314)780-8082,0946 Amoth Lane,Mesta,Saint Louis,Missouri,63110,US
182,Douglas Cox,Jean Richardson,1-(412)750-4490,9192 Vahlen Pass,Scott,Mc Keesport,Pennsylvania,15134,US
183,Russell Evans,Diana Berry,1-(520)172-0650,0555 Lyons Hill,Sunbrook,Tucson,Arizona,85720,US
184,Paul Ross,Keith Hawkins,1-(405)226-9128,123 Maywood Point,Canary,Oklahoma City,Oklahoma,73157,US
185,Johnny Oliver,Lillian King,1-(508)826-3355,60 Prairieview Park,Nevada,Worcester,Massachusetts,01654,US
186,Brandon Berry,Bobby Rice,1-(612)746-7495,28 Novick Circle,Mallory,Saint Paul,Minnesota,55108,US
187,Debra Shaw,Keith Fowler,1-(650)701-6704,24159 Linden Court,Lake View,Mountain View,California,94042,US
188,Ruth Ray,Carol Wright,1-(205)419-0631,8 Briar Crest Road,Commercial,Birmingham,Alabama,35205,US
189,Patrick White,Patrick Gutierrez,1-(775)610-5651,78552 Norway Maple Point,Debs,Reno,Nevada,89519,US
190,Joan Ford,Christopher Baker,1-(503)343-9790,8953 Division Street,Hayes,Portland,Oregon,97216,US
191,Laura Banks,John Mills,1-(212)252-8454,6 Crest Line Street,Havey,New York City,New York,10292,US
192,Walter Russell,Justin Brown,1-(763)247-8539,23869 Holy Cross Road,Novick,Maple Plain,Minnesota,55572,US
193,Christina Wright,Debra Snyder,1-(915)608-4711,1 Merry Place,Meadow Ridge,El Paso,Texas,88569,US
194,Adam James,Michael Barnes,1-(602)651-9734,8178 Golf View Plaza,Hintze,Phoenix,Arizona,85030,US
195,Keith Alexander,Timothy Hamilton,1-(605)724-8401,3 Waxwing Drive,Delladonna,Sioux Falls,South Dakota,57110,US
196,Doris Jones,Michael Jackson,1-(202)991-8012,352 Meadow Valley Point,Del Sol,Washington,District of Columbia,20546,US
197,Sandra Williamson,Juan Freeman,1-(561)557-5854,8 Ohio Way,Sunfield,Boca Raton,Florida,33499,US
198,Robin Kennedy,Howard Edwards,1-(718)686-9860,898 Summit Center,Hazelcrest,Bronx,New York,10464,US
199,Paula Sanders,Carl Mills,1-(405)678-3298,1991 1st Pass,Hayes,Oklahoma City,Oklahoma,73114,US
200,Arthur Moreno,Roger Jenkins,1-(706)991-2070,62 Ridge Oak Trail,Lakewood,Augusta,Georgia,30911,US
201,Janet Cox,Marie Johnston,1-(508)405-3505,3821 Pepper Wood Road,Heath,Worcester,Massachusetts,01605,US
202,Denise Reid,Cynthia Harper,1-(570)170-4618,4 Cordelia Drive,Darwin,Scranton,Pennsylvania,18514,US
203,Robin Oliver,Joseph Boyd,1-(574)101-8647,35 Prairie Rose Trail,Bunker Hill,South Bend,Indiana,46699,US
204,Henry Allen,Patricia Wheeler,1-(512)832-9993,9291 Magdeline Lane,Eastlawn,Austin,Texas,78726,US
205,Rachel Thompson,Jean Morgan,1-(989)663-1665,63246 Scott Point,1st,Midland,Michigan,48670,US
206,Mary Schmidt,Bruce Harvey,1-(240)909-5533,89 Anhalt Terrace,Roxbury,Frederick,Maryland,21705,US
207,Earl Garrett,Thomas Sullivan,1-(760)626-6012,887 Eliot Hill,Crest Line,Escondido,California,92030,US
208,John Wagner,Gary Mendoza,1-(214)615-0047,20847 Bay Point,Delaware,Dallas,Texas,75277,US
209,Dorothy Miller,Michael Fisher,1-(469)458-4755,57551 Golf View Street,1st,Dallas,Texas,75241,US
210,Shirley James,Frances Gilbert,1-(757)524-7067,098 5th Alley,Onsgard,Newport News,Virginia,23612,US
211,Albert Palmer,Angela Rivera,1-(805)936-0774,0495 Columbus Point,Ramsey,San Mateo,California,94405,US
212,Julie Fernandez,Rebecca Arnold,1-(513)580-3488,590 Upham Circle,Hintze,Cincinnati,Ohio,45296,US
213,Roy Murray,Elizabeth Lawson,1-(919)285-0578,4 Eagle Crest Pass,Pierstorff,Durham,North Carolina,27710,US
214,Earl Morgan,Justin Dixon,1-(717)810-9186,99897 Golden Leaf Avenue,Cody,Harrisburg,Pennsylvania,17126,US
215,Nicholas Morrison,John Wood,1-(703)515-3135,12 Ludington Parkway,6th,Washington,District of Columbia,20041,US
216,Julie Oliver,Ernest Stone,1-(316)758-2468,744 Summerview Street,Nelson,Wichita,Kansas,67230,US
217,Lois Williamson,Jessica Simmons,1-(402)556-2180,002 Golf Course Drive,Raven,Omaha,Nebraska,68144,US
218,Jane Schmidt,John Hudson,1-(214)201-5931,8 Springs Lane,Corben,Dallas,Texas,75241,US
219,Debra Torres,Thomas Gomez,1-(814)756-3932,36 Esker Drive,Ridge Oak,Erie,Pennsylvania,16522,US
220,Kimberly Duncan,Evelyn Kim,1-(312)980-4114,7 Summerview Circle,Bunting,Chicago,Illinois,60652,US
221,Eugene Price,Betty Reid,1-(202)809-4051,6 Mariners Cove Road,Buena Vista,Washington,District of Columbia,20470,US
222,Rebecca Gutierrez,Amanda Burke,1-(951)979-8308,07 Pleasure Drive,Ruskin,Riverside,California,92513,US
223,Deborah Arnold,Keith Jacobs,1-(480)389-3725,103 Sunbrook Way,Linden,Apache Junction,Arizona,85219,US
224,Jeremy Lawson,Raymond Garcia,1-(915)625-2119,7 West Way,Eagan,El Paso,Texas,79911,US
225,Deborah Wright,Steve Garcia,1-(727)347-4525,6458 Bartelt Plaza,Oxford,Tampa,Florida,33625,US
226,Catherine Austin,Rachel Dixon,1-(217)872-5154,22571 Eliot Drive,Bonner,Springfield,Illinois,62794,US
227,Kathryn Alexander,Russell Cooper,1-(217)598-7113,3 Spaight Pass,Grover,Springfield,Illinois,62711,US
228,Janet Gibson,Richard Collins,1-(703)308-8759,75828 Ludington Plaza,Daystar,Washington,District of Columbia,20041,US
229,Jesse Burke,Timothy Berry,1-(540)230-3975,29626 Fairfield Crossing,Westport,Roanoke,Virginia,24048,US
230,Denise Allen,Jessica Black,1-(760)834-6075,11 Prairieview Park,Manitowish,San Diego,California,92127,US
231,Gloria Lynch,Linda Ferguson,1-(309)125-5112,9723 Truax Alley,Warbler,Peoria,Illinois,61640,US
232,Rachel Richardson,Carol Murphy,1-(619)962-3468,21 Union Street,Banding,San Diego,California,92176,US
233,Sara Stevens,Nancy Johnston,1-(937)962-2614,8858 Summerview Park,Dawn,Dayton,Ohio,45432,US
234,Stephen Arnold,Robert Peters,1-(212)377-0144,9 Golf Parkway,Forest,Brooklyn,New York,11247,US
235,Ruth Little,Susan Walker,1-(940)418-0918,3480 Cody Alley,Dakota,Wichita Falls,Texas,76305,US
236,Kelly Mcdonald,Theresa Morales,1-(615)183-0925,00910 Bultman Circle,Bowman,Nashville,Tennessee,37240,US
237,Aaron Evans,Marie Vasquez,1-(661)999-4309,03846 Kedzie Trail,Graedel,Bakersfield,California,93386,US
238,Norma Ward,Laura Anderson,1-(915)984-6324,844 Stephen Center,West,El Paso,Texas,88563,US
239,Anna Rice,Walter Harvey,1-(404)652-8626,85595 Merchant Center,Westridge,Atlanta,Georgia,30343,US
240,Paula Austin,Paula Oliver,1-(314)624-9603,07726 Arizona Alley,Grover,Saint Louis,Missouri,63150,US
241,Carl Bryant,Timothy Myers,1-(412)916-6355,66632 Clove Terrace,Prairieview,Mc Keesport,Pennsylvania,15134,US
242,Joshua Watkins,Denise King,1-(209)568-4344,4964 Dapin Trail,Oak Valley,Stockton,California,95298,US
243,Jack Long,Aaron Howard,1-(406)261-6142,6905 Summerview Avenue,Kensington,Billings,Montana,59112,US
244,Martin King,Charles Armstrong,1-(713)357-7886,15 6th Park,Lindbergh,Houston,Texas,77260,US
245,Annie Williamson,Marilyn Adams,1-(361)928-7283,23619 Hauk Hill,Leroy,Austin,Texas,78744,US
246,Mark George,Terry Jacobs,1-(405)696-0767,2 Pearson Alley,Swallow,Oklahoma City,Oklahoma,73190,US
247,Alan Robinson,Patricia Riley,1-(361)743-0111,103 Crownhardt Terrace,Vermont,Corpus Christi,Texas,78426,US
248,Janet Diaz,Louise Carpenter,1-(972)866-3458,8231 Randy Circle,Rowland,Dallas,Texas,75210,US
249,Walter Gray,Angela Evans,1-(904)970-9624,9127 Fairfield Trail,Division,Jacksonville,Florida,32225,US
250,Anna Hamilton,Joshua Bradley,1-(217)562-1417,49932 Sauthoff Center,Parkside,Springfield,Illinois,62718,US
251,Heather Moreno,Joyce Henderson,1-(443)992-8001,7214 Shoshone Road,Pine View,Baltimore,Maryland,21239,US
252,Doris Griffin,Peter Gardner,1-(904)929-4187,255 Old Gate Circle,Superior,Jacksonville,Florida,32236,US
253,Heather Gray,Amy Garcia,1-(786)302-0899,306 Independence Court,Rowland,Hialeah,Florida,33013,US
254,Karen Hansen,Charles Mendoza,1-(808)681-1656,38 American Ash Terrace,Green Ridge,Honolulu,Hawaii,96810,US
255,Karen Watson,Patricia Dunn,1-(913)450-6112,423 Merry Lane,Heffernan,Kansas City,Kansas,66160,US
256,Gary Ray,Douglas Miller,1-(646)912-3063,48827 Acker Pass,Toban,New York City,New York,10099,US
257,Walter Alexander,Linda Fox,1-(361)994-6869,9 John Wall Way,Rowland,Corpus Christi,Texas,78415,US
258,Jesse Rose,Donald Snyder,1-(714)444-3904,561 Hayes Point,Dorton,Irvine,California,92710,US
259,Matthew Martin,Victor Fuller,1-(240)833-3695,49615 Nevada Point,Hallows,Silver Spring,Maryland,20918,US
260,Jeffrey Daniels,Kathleen Sanders,1-(703)917-5590,943 Chinook Way,Clove,Reston,Virginia,20195,US
261,Deborah Hanson,Tammy Gomez,1-(417)271-4341,350 Talmadge Drive,Lakeland,Springfield,Missouri,65810,US
262,Laura Garcia,Gregory Medina,1-(704)392-7514,88 Hovde Avenue,Lien,Charlotte,North Carolina,28263,US
263,Lois Cunningham,Brandon Welch,1-(913)826-4710,3766 Golden Leaf Hill,Menomonie,Shawnee Mission,Kansas,66286,US
264,Raymond Ortiz,Amy Jacobs,1-(203)871-1140,16617 Portage Circle,Redwing,Hartford,Connecticut,06105,US
265,Carl Rogers,Robin Powell,1-(210)793-9749,79421 Garrison Point,Clove,San Antonio,Texas,78225,US
266,Betty Burns,Kathleen Gomez,1-(757)137-5130,886 Prairie Rose Point,Schlimgen,Herndon,Virginia,22070,US
267,Jerry Mitchell,Donna Morrison,1-(202)972-4715,78023 Birchwood Pass,Roth,Washington,District of Columbia,20404,US
268,Lawrence Thompson,Kenneth Carr,1-(856)823-9826,42391 Debs Crossing,Gerald,Camden,New Jersey,08104,US
269,Joseph Torres,Sara Holmes,1-(315)347-2261,1449 Bayside Avenue,Bellgrove,Syracuse,New York,13205,US
270,Evelyn Anderson,Bonnie Day,1-(202)407-9066,72773 Maywood Junction,Superior,Washington,District of Columbia,20337,US
271,Frances Lawson,Norma Moore,1-(215)159-9514,2 Dayton Lane,Stone Corner,Philadelphia,Pennsylvania,19141,US
272,Wayne Richards,Todd Mcdonald,1-(480)934-2982,131 Bluejay Alley,Division,Chandler,Arizona,85246,US
273,Willie Simpson,Wayne Mason,1-(812)948-6707,86 Golden Leaf Drive,Gina,Evansville,Indiana,47747,US
274,Keith Crawford,Terry Rivera,1-(415)525-1212,9 Surrey Junction,Fremont,San Francisco,California,94147,US
275,Katherine Sanchez,Mary Hart,1-(361)660-6916,544 Wayridge Trail,Transport,Corpus Christi,Texas,78426,US
276,William Jordan,Julia Ward,1-(806)610-9788,76 New Castle Lane,Delladonna,Amarillo,Texas,79171,US
277,Mary Nichols,Ronald Willis,1-(559)756-3028,8897 Mandrake Lane,Pearson,Fresno,California,93704,US
278,Kenneth Hill,Raymond Welch,1-(571)140-3266,58238 Manitowish Point,Talmadge,Arlington,Virginia,22244,US
279,Michelle Richards,Rose Harris,1-(334)751-7202,51 Florence Hill,Shasta,Montgomery,Alabama,36125,US
280,Martha Dean,Janet Gilbert,1-(864)396-6344,700 Stoughton Circle,Westport,Spartanburg,South Carolina,29305,US
281,Willie Holmes,Edward Sanchez,1-(646)703-4664,9362 Meadow Vale Street,Rusk,New York City,New York,10155,US
282,Emily Griffin,Eugene Perkins,1-(913)597-8976,260 Lake View Parkway,Springs,Shawnee Mission,Kansas,66276,US
283,Janet Brooks,Alan Hudson,1-(540)425-2916,8762 Dapin Pass,Redwing,Roanoke,Virginia,24004,US
284,Raymond Duncan,Kathryn Morgan,1-(303)278-1862,209 Macpherson Court,Oak,Boulder,Colorado,80310,US
285,Willie Mills,Doris Rose,1-(309)775-5423,66 5th Circle,Ilene,Peoria,Illinois,61614,US
286,Ruth Ellis,Antonio Marshall,1-(410)826-1834,52 Luster Place,Forest,Baltimore,Maryland,21229,US
287,Keith Rivera,Denise Matthews,1-(502)898-7657,2379 Eastlawn Circle,Dwight,Louisville,Kentucky,40266,US
288,Brian Andrews,Clarence Harper,1-(202)105-9936,39 Chinook Alley,Carey,Washington,District of Columbia,20244,US
289,Robert Carter,Jason Weaver,1-(562)345-0399,82 Rutledge Circle,Macpherson,Long Beach,California,90840,US
290,Billy Ruiz,Brandon Fields,1-(786)927-9032,7597 West Parkway,Maple Wood,Miami,Florida,33147,US
291,Irene Mendoza,Joan Reynolds,1-(612)256-3110,83002 Vernon Avenue,Butterfield,Minneapolis,Minnesota,55412,US
292,Michael Davis,Willie Cook,1-(806)246-7462,56 Ronald Regan Park,Dottie,Amarillo,Texas,79118,US
293,Pamela Spencer,Janet Dean,1-(513)812-2769,29298 North Road,Lerdahl,Cincinnati,Ohio,45249,US
294,Ann Porter,Raymond Snyder,1-(719)212-2563,0820 Superior Crossing,Melby,Pueblo,Colorado,81010,US
295,Albert Stone,Gloria Hudson,1-(813)105-2200,6 Michigan Pass,Hauk,Tampa,Florida,33680,US
296,Amanda Walker,Debra Grant,1-(915)226-3482,305 Vermont Trail,Pine View,El Paso,Texas,88584,US
297,Andrew Tucker,Catherine Harrison,1-(857)562-8582,688 Stone Corner Crossing,Lotheville,Boston,Massachusetts,02114,US
298,Laura Williamson,Louis Willis,1-(503)188-4526,5778 Tomscot Junction,Sutherland,Portland,Oregon,97296,US
299,Eugene Carter,Louise Banks,1-(918)284-3957,4080 Ilene Trail,Northwestern,Tulsa,Oklahoma,74156,US
300,Bruce Hunt,Timothy Ray,1-(540)431-0914,4580 Doe Crossing Point,Golf Course,Roanoke,Virginia,24009,US
301,Kathryn Ford,Mary Gomez,1-(775)414-1310,05046 Fordem Center,Anzinger,Reno,Nevada,89519,US
302,Mary Morgan,Gloria Duncan,1-(502)702-3059,24 Sutteridge Street,Mandrake,Louisville,Kentucky,40266,US
303,Ashley Brown,Ryan Ross,1-(602)831-3353,7226 Tomscot Alley,Merrick,Phoenix,Arizona,85045,US
304,Willie Gutierrez,Jennifer Rogers,1-(941)166-3713,82821 Steensland Park,Bartelt,Sarasota,Florida,34276,US
305,Kenneth Ray,Gregory Ward,1-(806)914-8717,16 Maple Court,Main,Lubbock,Texas,79405,US
306,Chris Moreno,Roger Hudson,1-(318)511-5534,67991 7th Park,Green,Shreveport,Louisiana,71137,US
307,Chris Robertson,Jason Nelson,1-(717)646-8455,48 Bultman Terrace,Acker,Harrisburg,Pennsylvania,17121,US
308,Joshua Palmer,Lori Simmons,1-(713)496-9248,48748 Farmco Place,Manufacturers,Houston,Texas,77035,US
309,Sarah Morris,Paula Wright,1-(804)406-1430,656 Anzinger Avenue,Northview,Richmond,Virginia,23277,US
310,Jessica Greene,Bruce Reed,1-(559)141-2862,374 Havey Hill,Schurz,Fresno,California,93786,US
311,Carlos Hunt,Christine Gilbert,1-(603)578-8532,373 Fair Oaks Center,Marcy,Portsmouth,New Hampshire,00214,US
312,Elizabeth Cunningham,Jeffrey Gardner,1-(919)885-2755,95 Randy Junction,Monument,Raleigh,North Carolina,27621,US
313,Melissa Banks,Annie Woods,1-(602)632-1091,20933 Meadow Valley Lane,Rutledge,Phoenix,Arizona,85083,US
314,Phyllis Kennedy,Jeffrey Franklin,1-(903)564-5330,737 Susan Street,Arapahoe,Tyler,Texas,75799,US
315,Kevin Kim,Gregory Campbell,1-(701)705-3976,3997 Susan Circle,Manufacturers,Bismarck,North Dakota,58505,US
316,Daniel Greene,Benjamin Welch,1-(615)649-0388,7 Hintze Parkway,Comanche,Nashville,Tennessee,37250,US
317,Jose Oliver,Edward West,1-(404)556-4418,80380 2nd Parkway,Briar Crest,Atlanta,Georgia,30311,US
318,Diana Burke,Steve Barnes,1-(512)416-7404,4166 Logan Alley,Starling,Austin,Texas,78726,US
319,Alan Freeman,Patricia Morrison,1-(361)878-2777,7 Lakeland Court,Chive,Corpus Christi,Texas,78470,US
320,Michael Morgan,Frank Porter,1-(515)555-4658,9 Stone Corner Court,Norway Maple,Des Moines,Iowa,50305,US
321,Christopher Payne,Frank Campbell,1-(509)563-3300,7083 Oneill Drive,Pierstorff,Spokane,Washington,99260,US
322,Shawn Meyer,Donald Allen,1-(619)227-0541,14583 Spenser Drive,Aberg,San Diego,California,92196,US
323,Sean Richardson,Christina Wagner,1-(215)524-1091,2 Prentice Crossing,South,Philadelphia,Pennsylvania,19172,US
324,Gerald Gutierrez,Gregory Murphy,1-(559)787-9064,5340 Merry Trail,Monica,Fresno,California,93709,US
325,Jerry Carpenter,Joyce Snyder,1-(202)778-8584,542 Fallview Junction,Merchant,Washington,District of Columbia,20566,US
326,Ralph Hall,Ann Snyder,1-(405)857-4494,04869 Brown Park,Tennessee,Oklahoma City,Oklahoma,73135,US
327,Brenda Fields,Ralph Cook,1-(347)145-1542,014 Old Shore Pass,La Follette,Brooklyn,New York,11241,US
328,Kathy Hawkins,Jonathan Payne,1-(414)560-9012,2943 Hoepker Trail,Moland,Milwaukee,Wisconsin,53263,US
329,Joan Dixon,Annie Parker,1-(805)422-5065,054 Glendale Center,Orin,Santa Barbara,California,93106,US
330,Stephanie Murray,Debra Dixon,1-(770)689-8523,9 Marquette Place,Atwood,Marietta,Georgia,30066,US
331,Billy Williams,Earl Hudson,1-(512)333-2978,74149 Fisk Point,Forest,Austin,Texas,78778,US
332,Fred Tucker,Susan Gonzales,1-(850)802-6403,81041 Express Hill,Debra,Pensacola,Florida,32590,US
333,Frances Taylor,Lois Welch,1-(718)969-4151,5 Mcbride Street,Washington,Jamaica,New York,11480,US
334,Stephen Weaver,Amanda Ross,1-(770)610-2128,328 Fisk Center,Hayes,Decatur,Georgia,30089,US
335,Kathy Stanley,Walter Ramos,1-(402)746-6334,39 Crest Line Street,Moland,Lincoln,Nebraska,68524,US
336,Elizabeth Simpson,Adam Rose,1-(915)993-2561,34330 West Circle,Spaight,El Paso,Texas,79940,US
337,Jennifer Griffin,Jacqueline Jackson,1-(202)918-4081,98971 Parkside Circle,West,Alexandria,Virginia,22301,US
338,Debra Gordon,Adam Allen,1-(303)213-7462,87177 Lindbergh Street,Mesta,Boulder,Colorado,80310,US
339,Billy Wells,Eugene Morris,1-(347)158-5878,535 Becker Drive,Anhalt,New York City,New York,10014,US
340,Kathleen Dean,Heather Cooper,1-(973)529-3659,41 Mcbride Parkway,Corry,Paterson,New Jersey,07505,US
341,Donna Fowler,Carolyn Gonzalez,1-(316)127-0773,0 Beilfuss Drive,Upham,Wichita,Kansas,67260,US
342,Arthur Graham,Jessica Peters,1-(315)408-6408,41836 Portage Center,Cordelia,Syracuse,New York,13217,US
343,Albert Fowler,Janet Gordon,1-(305)650-9157,5875 Golf View Drive,Grim,Hollywood,Florida,33023,US
344,Arthur Fuller,Virginia Oliver,1-(360)100-2216,7 Transport Plaza,Sunfield,Vancouver,Washington,98682,US
345,Ralph Johnston,William Palmer,1-(314)452-5359,466 Melvin Avenue,Eagle Crest,Saint Louis,Missouri,63167,US
346,Sean Franklin,Steve Hanson,1-(651)724-1637,8836 Schiller Terrace,Morning,Saint Paul,Minnesota,55114,US
347,Jose Castillo,Kathleen Garrett,1-(203)392-3052,06 Pennsylvania Parkway,Colorado,Bridgeport,Connecticut,06606,US
348,Amanda Martinez,Andrea Murray,1-(314)956-8046,02200 Marquette Terrace,Sycamore,Saint Louis,Missouri,63196,US
349,Evelyn Thompson,Carolyn Hart,1-(704)906-1991,6192 Arrowood Circle,Merry,Charlotte,North Carolina,28210,US
350,Carl Fernandez,Christopher Rodriguez,1-(404)397-0693,67 Walton Trail,Knutson,Atlanta,Georgia,30380,US
351,Beverly Lynch,Susan Lawson,1-(214)515-0567,729 Prentice Pass,Kedzie,Garland,Texas,75044,US
352,Doris Murray,Lillian Day,1-(503)846-1363,514 Swallow Court,Manitowish,Portland,Oregon,97216,US
353,Justin Carpenter,Roger Matthews,1-(202)574-5614,25309 Del Sol Drive,Sunnyside,Washington,District of Columbia,20551,US
354,Richard Berry,Julia Powell,1-(337)861-3541,3 Sugar Avenue,Talmadge,Lake Charles,Louisiana,70616,US
355,Henry Ortiz,Joyce Hughes,1-(850)797-0316,861 Manley Circle,Manley,Pensacola,Florida,32520,US
356,Richard Burns,Joan West,1-(619)894-3201,590 Mallory Point,Anniversary,San Diego,California,92196,US
357,Margaret Daniels,Sarah Butler,1-(509)731-7295,47 Barby Hill,Westerfield,Spokane,Washington,99205,US
358,Robert Clark,Todd Bowman,1-(971)735-6139,754 Menomonie Pass,Memorial,Portland,Oregon,97232,US
359,Emily Turner,Gregory Burke,1-(814)398-8524,763 Armistice Pass,Magdeline,Erie,Pennsylvania,16510,US
360,Clarence Reyes,Laura Montgomery,1-(903)947-7931,5 Trailsway Road,Hoepker,Tyler,Texas,75705,US
361,Benjamin Duncan,Mildred Chavez,1-(678)839-3203,82395 Grayhawk Crossing,Veith,Atlanta,Georgia,30306,US
362,Evelyn Carroll,Sharon Ruiz,1-(213)116-5778,2 Schiller Point,Spenser,Los Angeles,California,90030,US
363,David Hall,John Campbell,1-(310)650-0040,20 Daystar Junction,Cordelia,Inglewood,California,90398,US
364,Janice Baker,Tammy Cooper,1-(619)542-4371,62 Blue Bill Park Hill,Barby,San Diego,California,92153,US
365,Roy Hunt,Beverly Oliver,1-(402)506-8755,1072 Bayside Point,Little Fleur,Omaha,Nebraska,68105,US
366,Lisa Thompson,Carolyn Knight,1-(864)719-6547,34553 Harper Street,Mcguire,Greenville,South Carolina,29605,US
367,Norma Wilson,Teresa Weaver,1-(971)848-6602,1978 Starling Hill,Hovde,Portland,Oregon,97229,US
368,Steve Brooks,Roy Schmidt,1-(651)467-9888,7377 Golf Course Circle,Straubel,Saint Paul,Minnesota,55166,US
369,Melissa Garcia,Jack Price,1-(213)493-9173,178 Paget Park,Charing Cross,Van Nuys,California,91499,US
370,Bruce Burton,Denise Hansen,1-(512)865-8462,31 Hermina Park,Heffernan,Austin,Texas,78703,US
371,Joan Edwards,Lois Myers,1-(240)508-9098,206 Morning Lane,Merry,Bethesda,Maryland,20816,US
372,Jeremy Carpenter,Fred Medina,1-(601)106-9147,2 Declaration Crossing,Hollow Ridge,Jackson,Mississippi,39282,US
373,Donald Lee,Jimmy Gonzales,1-(859)418-7442,7 Center Center,Hauk,Lexington,Kentucky,40524,US
374,Anna Long,Steve Alexander,1-(808)954-0740,0 Ridge Oak Hill,8th,Honolulu,Hawaii,96835,US
375,Jeremy Reed,Stephen Smith,1-(352)884-1480,17 Leroy Point,Dapin,Brooksville,Florida,34605,US
376,John Johnson,Christina Thomas,1-(702)200-3296,9752 Mayfield Hill,Charing Cross,Santa Barbara,California,93111,US
377,Jerry Lawrence,Brandon Parker,1-(202)515-6226,0 Norway Maple Trail,Declaration,Washington,District of Columbia,20591,US
378,Gregory Woods,Craig Gomez,1-(260)829-2352,023 Pearson Point,Tony,Fort Wayne,Indiana,46852,US
379,Anna Hunter,Ruby Gonzalez,1-(909)621-1318,71 Carberry Pass,Onsgard,San Bernardino,California,92410,US
380,Antonio Weaver,Jennifer Gray,1-(405)557-3882,0 Havey Parkway,Stone Corner,Oklahoma City,Oklahoma,73129,US
381,Lois Reid,Barbara Sanders,1-(469)325-7304,07009 Summit Road,Killdeer,Dallas,Texas,75287,US
382,Linda Duncan,Ralph Fowler,1-(801)133-9195,1368 Shelley Crossing,Morningstar,Salt Lake City,Utah,84120,US
383,Sharon Fields,Henry Knight,1-(217)864-9141,94575 Thompson Point,Kedzie,Decatur,Illinois,62525,US
384,Sharon Rose,Scott Gardner,1-(402)747-6099,05 Forster Center,Steensland,Omaha,Nebraska,68197,US
385,Cheryl Henry,Pamela Long,1-(806)440-9808,56897 Northview Court,Kinsman,Amarillo,Texas,79176,US
386,Steve Murphy,Frank Black,1-(785)489-3549,70 Del Sol Park,Roxbury,Topeka,Kansas,66629,US
387,John Day,Patricia Matthews,1-(816)948-6316,9305 Springs Road,Nancy,Kansas City,Missouri,64199,US
388,Roger Oliver,Julie Webb,1-(213)581-3401,8369 Pepper Wood Road,Acker,Los Angeles,California,90081,US
389,Shirley Gutierrez,William Freeman,1-(254)724-2714,3 Service Circle,Pond,Gatesville,Texas,76598,US
390,Theresa Frazier,Richard Arnold,1-(817)878-4218,5158 Grayhawk Center,Onsgard,Arlington,Texas,76096,US
391,Wanda Bishop,Lori Woods,1-(818)409-6580,381 Petterle Drive,Stephen,Santa Monica,California,90405,US
392,Gary Oliver,Dennis Hayes,1-(614)367-8508,6 Dexter Center,Sunfield,Columbus,Ohio,43226,US
393,Teresa Howell,Cheryl Rose,1-(614)334-8918,1 Forest Hill,Truax,Columbus,Ohio,43268,US
394,Sean Reynolds,Tammy Duncan,1-(814)718-6737,532 Hoffman Trail,Waxwing,Erie,Pennsylvania,16522,US
395,Rebecca Romero,Juan Hansen,1-(717)878-4315,39 Shoshone Plaza,Paget,Lancaster,Pennsylvania,17605,US
396,Jonathan Mcdonald,Donna Boyd,1-(405)520-3377,42176 Schiller Alley,Nelson,Oklahoma City,Oklahoma,73124,US
397,Jeffrey Kim,Louis Hanson,1-(858)717-4567,24712 Victoria Alley,Oakridge,San Diego,California,92145,US
398,Todd Reed,Annie Peterson,1-(720)473-2640,0066 Rockefeller Pass,Rockefeller,Denver,Colorado,80249,US
399,Mark Garrett,Benjamin Banks,1-(503)863-6826,98 Dexter Avenue,Corry,Portland,Oregon,97206,US
400,Joe Harris,Johnny Lee,1-(619)924-1703,2130 Muir Drive,Mccormick,San Diego,California,92165,US
401,Nicole Moreno,Kelly Miller,1-(718)970-7240,4745 Lake View Alley,Kropf,Bronx,New York,10464,US
402,Helen Moore,Jesse Crawford,1-(260)884-7153,5262 Ohio Alley,Manley,Fort Wayne,Indiana,46852,US
403,Angela Carroll,Shawn Alexander,1-(213)771-5288,9639 3rd Circle,Forest,Los Angeles,California,90065,US
404,Sarah Burke,Cheryl Webb,1-(727)525-6108,38791 Kipling Point,Old Gate,Saint Petersburg,Florida,33731,US
405,Andrea Jackson,Christina Hudson,1-(706)523-7194,491 Bluestem Court,Thierer,Augusta,Georgia,30919,US
406,Louis Wilson,Patricia Perry,1-(202)190-4971,38117 Gina Terrace,Hanover,Washington,District of Columbia,20392,US
407,Daniel Wheeler,Phillip Long,1-(310)675-4615,2 Hansons Lane,Petterle,Long Beach,California,90810,US
408,Todd Barnes,Joshua Brooks,1-(571)850-7215,74 Anniversary Park,Lakewood Gardens,Alexandria,Virginia,22333,US
409,Kelly Gutierrez,Norma Spencer,1-(713)356-9369,74718 Stone Corner Parkway,Hoffman,Houston,Texas,77288,US
410,Clarence Rice,Irene Green,1-(404)186-7655,4 Prentice Court,Myrtle,Atlanta,Georgia,30358,US
411,Thomas Alvarez,Diane Hunter,1-(858)367-5596,6 Mccormick Terrace,Texas,San Diego,California,92127,US
412,Keith Sullivan,Ryan Scott,1-(949)743-8010,3080 Melvin Place,Riverside,Newport Beach,California,92662,US
413,Billy Griffin,Judith Cooper,1-(619)546-4004,32 Bultman Place,4th,San Diego,California,92115,US
414,Laura Lewis,Jeremy Oliver,1-(915)257-1228,307 Hermina Place,Erie,El Paso,Texas,79984,US
415,Thomas Phillips,Heather Elliott,1-(505)240-3715,37538 Bartillon Crossing,Portage,Albuquerque,New Mexico,87105,US
416,Alan Watkins,Donald Jones,1-(414)935-7850,24 Porter Circle,Stuart,Milwaukee,Wisconsin,53215,US
417,Elizabeth Nguyen,Benjamin Griffin,1-(903)477-1010,479 Moose Circle,Chinook,Tyler,Texas,75710,US
418,Amy Morris,Justin Boyd,1-(509)833-3023,135 Emmet Parkway,Straubel,Spokane,Washington,99205,US
419,Jason Ortiz,Ashley Sullivan,1-(763)287-7230,448 Maryland Pass,Briar Crest,Loretto,Minnesota,55598,US
420,Chris Arnold,Scott Barnes,1-(510)322-1602,057 North Street,Carioca,Hayward,California,94544,US
421,Timothy Grant,Cheryl Mccoy,1-(704)590-9600,58 Mifflin Way,Havey,Charlotte,North Carolina,28210,US
422,Emily Williams,Billy Black,1-(701)549-7240,4 Glendale Center,Darwin,Fargo,North Dakota,58106,US
423,Harry Carroll,Sara Fowler,1-(813)470-4019,18 Tennyson Place,Hudson,Tampa,Florida,33661,US
424,Clarence Fowler,Matthew Bell,1-(862)818-3482,4293 Hoepker Drive,Sundown,Newark,New Jersey,07195,US
425,Jerry Reed,Martha Williamson,1-(719)163-3535,40959 Debra Road,Nova,Colorado Springs,Colorado,80910,US
426,Philip Harris,Jean Reyes,1-(904)475-8465,49 Ilene Way,Doe Crossing,Jacksonville,Florida,32277,US
427,Gerald Hall,Phillip Webb,1-(215)174-9309,818 Dayton Drive,Goodland,Philadelphia,Pennsylvania,19151,US
428,Janice Carpenter,Mary Griffin,1-(304)134-7154,37 Crownhardt Parkway,Kipling,Charleston,West Virginia,25389,US
429,Doris Torres,Betty Gomez,1-(801)331-1531,813 Coolidge Road,Pleasure,Sandy,Utah,84093,US
430,Nicole Nguyen,Brenda Brown,1-(612)467-0342,4 Badeau Center,Brentwood,Minneapolis,Minnesota,55441,US
431,Dorothy Sanders,Jesse Rogers,1-(205)233-7661,10 Erie Alley,Dixon,Birmingham,Alabama,35242,US
432,John Lawson,Nicholas Carroll,1-(281)388-3330,295 Montana Place,5th,Katy,Texas,77493,US
433,Jose Garza,Dennis Daniels,1-(212)380-8729,2117 Roth Road,Vermont,New York City,New York,10184,US
434,Norma Grant,Melissa Gray,1-(703)862-7225,6 Susan Trail,Fuller,Silver Spring,Maryland,20904,US
435,Marie Stewart,Karen Ferguson,1-(240)705-3370,71595 Kim Alley,Sheridan,Hagerstown,Maryland,21747,US
436,Marilyn Willis,Cynthia Myers,1-(540)664-6153,9 Ruskin Park,Ramsey,Roanoke,Virginia,24014,US
437,Randy Taylor,Stephanie Clark,1-(512)585-4853,092 West Plaza,Dexter,Austin,Texas,78721,US
438,Louis Peters,Beverly Weaver,1-(423)837-4750,2 Mallory Street,Magdeline,Chattanooga,Tennessee,37450,US
439,Eugene Webb,Ernest Willis,1-(404)716-2252,45 Spenser Circle,Porter,Atlanta,Georgia,30356,US
440,Raymond Hayes,Kelly Morrison,1-(513)247-7476,04794 Stephen Hill,Goodland,Cincinnati,Ohio,45243,US
441,Patricia Dean,Nicole Snyder,1-(806)789-3500,831 Michigan Point,Continental,Lubbock,Texas,79452,US
442,Robin Patterson,Maria Palmer,1-(540)310-0657,1820 Kedzie Point,Hollow Ridge,Roanoke,Virginia,24048,US
443,Gary Miller,Gary Edwards,1-(571)220-9511,118 Dawn Trail,Colorado,Arlington,Virginia,22225,US
444,Albert Kim,Jimmy Thomas,1-(786)642-5790,2865 Dovetail Plaza,Surrey,Miami,Florida,33147,US
445,Janet Thompson,Timothy Fuller,1-(714)729-3273,6 Anniversary Parkway,Emmet,Brea,California,92822,US
446,Brenda Knight,Phyllis Reed,1-(206)709-7908,8 Summerview Alley,Charing Cross,Seattle,Washington,98185,US
447,Jeremy Mills,Patrick Torres,1-(210)412-5534,5 Scofield Junction,International,San Antonio,Texas,78240,US
448,Elizabeth Warren,Thomas Brooks,1-(915)304-3462,74145 Eggendart Point,Pleasure,El Paso,Texas,88535,US
449,Kelly Andrews,Dorothy Riley,1-(847)161-4531,559 Becker Circle,Veith,Chicago,Illinois,60646,US
450,Amy Jones,Carlos Parker,1-(559)508-3833,6464 Carey Hill,Jay,Fresno,California,93786,US
451,Scott Hicks,Anne Butler,1-(702)844-3037,16 Veith Circle,Center,Las Vegas,Nevada,89140,US
452,Russell Lee,Patrick Morrison,1-(208)479-7402,8 Schmedeman Center,2nd,Boise,Idaho,83711,US
453,Gerald Garcia,Craig Taylor,1-(914)898-4832,54875 Green Terrace,Erie,Mount Vernon,New York,10557,US
454,Sharon Kennedy,Mary Torres,1-(804)473-7926,3615 Bunker Hill Terrace,Mayfield,Richmond,Virginia,23228,US
455,Maria Black,Joyce Ramos,1-(714)683-2960,44 Pleasure Crossing,Sunbrook,Orange,California,92862,US
456,Jeffrey Frazier,Kathleen Day,1-(318)530-4480,265 Petterle Junction,Twin Pines,Shreveport,Louisiana,71161,US
457,Phillip Rogers,Eric Clark,1-(303)273-5716,8 Jay Way,Westport,Aurora,Colorado,80015,US
458,Benjamin Turner,Joyce Powell,1-(832)995-8176,86589 Reindahl Park,Sage,Spring,Texas,77386,US
459,Betty Gibson,Lillian Howell,1-(606)349-8598,969 Stuart Park,Mariners Cove,London,Kentucky,40745,US
460,Jacqueline Lawrence,Sandra Simmons,1-(515)780-3523,2 Sheridan Terrace,Forster,Des Moines,Iowa,50369,US
461,Patrick Bennett,Nicole Scott,1-(757)392-2607,418 Blue Bill Park Court,Kropf,Norfolk,Virginia,23514,US
462,Joan Jones,Louise Hawkins,1-(202)131-9908,16219 Manufacturers Lane,Vernon,Washington,District of Columbia,20503,US
463,Mark Hernandez,Theresa Jones,1-(812)327-9692,2 Hovde Place,Eliot,Evansville,Indiana,47712,US
464,William Ferguson,Evelyn Hunt,1-(812)383-0196,8 Michigan Court,Sutteridge,Terre Haute,Indiana,47805,US
465,Craig Fisher,Evelyn Martinez,1-(801)527-8649,7848 Melvin Lane,Anniversary,Salt Lake City,Utah,84135,US
466,Anthony Matthews,Heather Harrison,1-(410)224-6472,43368 Grasskamp Pass,Pepper Wood,Baltimore,Maryland,21216,US
467,Joshua Reed,Sarah Watson,1-(909)370-5524,744 Nevada Center,Victoria,San Bernardino,California,92424,US
468,George Fisher,Johnny Gordon,1-(203)106-4265,7 Columbus Alley,Shoshone,New Haven,Connecticut,06538,US
469,Brian Spencer,William Rivera,1-(406)578-3094,04242 Springs Point,Vahlen,Billings,Montana,59112,US
470,Donald Banks,Anthony Olson,1-(303)216-8130,8603 Old Shore Terrace,Pleasure,Denver,Colorado,80223,US
471,Timothy Hunt,Mary Dixon,1-(253)685-8734,58 Mcguire Avenue,Anthes,Tacoma,Washington,98424,US
472,Carolyn Day,Dorothy Peters,1-(202)264-8184,67 Redwing Trail,Forster,Washington,District of Columbia,20051,US
473,Marie Hicks,Helen Coleman,1-(915)822-4153,9 Evergreen Terrace,Sugar,El Paso,Texas,79989,US
474,Justin Foster,Amy Burke,1-(208)253-4213,86111 Hintze Center,Loeprich,Boise,Idaho,83705,US
475,Eric Griffin,Rose Lawrence,1-(716)535-9431,2 Fuller Pass,Butternut,Buffalo,New York,14263,US
476,Todd Franklin,Bruce Stephens,1-(727)647-5353,34904 Monica Parkway,Troy,Clearwater,Florida,33763,US
477,Steven Cruz,Victor Daniels,1-(501)377-8004,7 Garrison Drive,Nancy,Little Rock,Arkansas,72215,US
478,Carl Duncan,Jason Banks,1-(609)276-8838,19 Kedzie Street,Russell,Trenton,New Jersey,08650,US
479,Gregory Wood,Pamela Sanders,1-(719)368-7913,9773 Farwell Street,Westend,Colorado Springs,Colorado,80915,US
480,Alice James,Carl Reynolds,1-(215)934-0782,6 Cambridge Center,Esker,Philadelphia,Pennsylvania,19120,US
481,Christine Ortiz,Craig Ryan,1-(309)491-4558,2938 Division Circle,Messerschmidt,Peoria,Illinois,61651,US
482,Judy Mcdonald,Richard Bennett,1-(909)572-4213,84500 Arizona Crossing,Maywood,San Bernardino,California,92424,US
483,Diana Bell,Andrew Simpson,1-(520)388-6123,9441 Veith Parkway,Beilfuss,Tucson,Arizona,85732,US
484,Ann Ferguson,Gary Baker,1-(812)364-9999,62875 Bonner Parkway,Vermont,Bloomington,Indiana,47405,US
485,Frances Walker,Nancy Wheeler,1-(212)734-4334,19255 Oakridge Court,Forest Run,New York City,New York,10184,US
486,Alan Ross,Earl Snyder,1-(901)392-8841,6 Holmberg Alley,Roxbury,Memphis,Tennessee,38168,US
487,Kelly Gardner,Michael Gardner,1-(816)857-0850,51570 Logan Street,Forest Dale,Kansas City,Missouri,64153,US
488,Dorothy Weaver,Jacqueline Stanley,1-(203)260-7975,928 Miller Road,International,New Haven,Connecticut,06520,US
489,Kathleen Ruiz,Tina Edwards,1-(406)292-2286,9129 Fallview Lane,Hintze,Missoula,Montana,59806,US
490,Peter Morris,Martha Cook,1-(518)434-8905,9 Caliangt Plaza,Erie,Albany,New York,12222,US
491,Gregory Rogers,Kathleen Burns,1-(775)209-2415,5 Hoard Street,Rutledge,Carson City,Nevada,89706,US
492,Scott Kelly,Mark Gonzales,1-(806)143-5639,753 Warner Hill,Waywood,Amarillo,Texas,79105,US
493,Bruce Wells,Louis Ruiz,1-(520)884-5581,1906 Veith Parkway,High Crossing,Tucson,Arizona,85748,US
494,Sandra Reyes,Judith Dixon,1-(704)700-3971,485 Hovde Avenue,Onsgard,Winston Salem,North Carolina,27105,US
495,Billy Hart,Linda Murray,1-(432)889-7414,9830 Northwestern Point,Canary,Odessa,Texas,79764,US
496,Jack Austin,George Cox,1-(571)673-6555,25247 North Road,Sheridan,Alexandria,Virginia,22333,US
497,Joseph Lawson,Marilyn Alexander,1-(803)332-1663,42475 Clemons Circle,Northwestern,Columbia,South Carolina,29215,US
498,Anthony Tucker,Mark Owens,1-(205)796-9628,3729 Spohn Court,La Follette,Birmingham,Alabama,35263,US
499,Julie Cook,Jason Freeman,1-(203)922-5203,892 Di Loreto Court,Coolidge,Waterbury,Connecticut,06705,US
500,Henry Hill,Gloria Walker,1-(571)563-9211,54587 Dryden Parkway,Briar Crest,Falls Church,Virginia,22047,US
